[{
  "_id": {
    "$oid": "64d258956ffa57fce6b21d4b"
  },
  "PlatformID": 1,
  "Platform": "PC",
  "ReleaseDate": "9/7/2014"
},
{
  "_id": {
    "$oid": "64d258956ffa57fce6b21d4c"
  },
  "PlatformID": 2,
  "Platform": "Play Station",
  "ReleaseDate": "12/29/1987"
},
{
  "_id": {
    "$oid": "64d258956ffa57fce6b21d4d"
  },
  "PlatformID": 3,
  "Platform": "Nintendo",
  "ReleaseDate": "10/5/1992"
},
{
  "_id": {
    "$oid": "64d258956ffa57fce6b21d4e"
  },
  "PlatformID": 4,
  "Platform": "Xbox",
  "ReleaseDate": "12/25/1987"
}]